coords,Snout_x,Snout_y,LFL_x,LFL_y,RFL_x,RFL_y,LHL_x,LHL_y,RHL_x,RHL_y,Tailtip_x,Tailtip_y
1,111.1864631,205.3634443,89.97808146,208.5541923,36.43009377,213.9411985,9.332526684,213.2274948,2.325443983,202.8769765,-2.247102261,203.9098877
2,111.3125823,205.517766,89.34993577,208.5793972,37.27036893,214.0291991,10.46283531,212.9183247,2.664834619,202.6047893,-3.060713291,203.9588565
3,112.6895876,205.6250257,88.25782347,208.9061401,37.63793385,213.7454388,10.40424132,213.3839875,26.02019477,208.7252436,-3.206540585,204.3385176
4,112.6957023,205.6400833,88.41840863,208.9287083,37.66166377,213.7627254,10.4342401,213.3537194,26.07118237,208.7325492,-3.200118542,204.3343144
5,115.0975882,205.4744129,82.78984761,207.2455881,37.46193147,213.8166516,9.631474733,212.9863552,26.07906139,208.442112,-3.384438038,203.756443
6,115.0975882,205.4744129,82.78984761,207.2455881,37.46193147,213.8166516,9.631474733,212.9863552,26.07906139,208.442112,-3.384438038,203.756443
7,117.6558524,204.2885351,47.37848639,211.9346285,38.21219921,214.0866609,7.634160042,213.938287,2.544253111,202.8831391,132.2942924,203.1011435
8,117.7379549,204.3146553,47.93323493,211.7365851,38.16051316,214.0920362,7.563463688,213.8521378,2.571658254,202.8365231,132.4156246,203.1366795
9,119.6431582,203.3467088,9.70291996,213.7472938,38.76677823,214.0836933,6.836654186,213.668246,2.988187551,202.2324467,133.5135446,202.1550093
10,119.6364007,203.4144025,9.441516876,213.9638094,38.56836629,214.0212302,6.707498074,213.8671643,27.25628895,207.5859864,133.4391975,202.2239133
11,121.4781308,202.4687738,94.56725121,205.5167246,39.00299263,214.6025586,5.322961807,213.7708452,27.55081013,207.3328733,134.0391607,200.6388018
12,121.4774065,202.4950647,94.50471115,205.576432,38.96226048,214.3595409,5.805903912,213.7326866,27.2950868,207.157546,134.060781,200.6530089
13,123.1107225,201.8338561,94.84623289,205.1548436,38.7414546,214.1695466,6.087650776,213.2212722,26.71649349,207.3567948,134.2601981,200.4291396
14,123.1107225,201.8338561,94.84623289,205.1548436,38.7414546,214.1695466,6.087650776,213.2212722,26.71649349,207.3567948,134.2601981,200.4291396
15,124.8941526,201.2046461,96.67182922,204.6209543,38.55327821,214.4710605,6.776461601,213.939369,24.78572369,208.4907753,-2.645658493,204.0184612
16,125.1689532,201.0105181,96.39874196,204.8458471,38.54298258,214.4808912,6.84069252,213.9626969,24.77677679,208.5022776,-2.661364555,204.0387755
17,127.905875,200.5597701,111.2797236,205.7438493,38.79768777,214.308346,6.775124073,214.6058719,3.530303299,202.7617483,-1.907064915,203.2030647
18,127.905875,200.5597701,111.2797236,205.7438493,38.79768777,214.308346,6.775124073,214.6058719,3.530303299,202.7617483,-1.907064915,203.2030647
19,130.1371169,199.5709839,109.8945876,208.8810449,39.05386758,214.0564456,11.47217083,213.2065135,4.084698156,202.6785483,0.452073574,194.3227167
20,130.1363869,199.5699615,109.8978833,208.8838449,39.05074596,214.0547292,11.47164845,213.2050463,4.086155012,202.6788898,0.452647924,194.3223397
21,132.0131006,198.9062269,109.8095573,209.2532387,37.16069829,214.1613808,13.95476341,211.4190039,16.63270855,207.62657,-0.862332344,195.0890571
22,132.0131006,198.9062269,109.8095573,209.2532387,37.16069829,214.1613808,13.95476341,211.4190039,16.63270855,207.62657,-0.862332344,195.0890571
23,134.0542524,199.4352603,109.6650201,208.6900196,38.1487515,214.0144548,10.16235328,213.2863489,17.89228654,205.7565354,-2.305352211,194.7527144
24,134.055578,199.434974,109.6649585,208.6879153,38.14914584,214.0140676,10.16214824,213.2851118,17.89266014,205.7563761,-2.305357456,194.7516993
25,136.4508204,200.3739476,110.1276937,208.6489706,36.48693943,214.1870782,11.89195539,211.9677288,22.6793828,206.3213825,-3.754874229,195.4390115
26,136.4915285,200.3000379,110.1099381,208.598135,37.12239933,213.9199764,15.7372489,211.6721796,22.52347231,206.0208905,-4.172750473,195.2947226
27,138.7788596,200.6769018,110.0808976,208.9973607,37.68490314,213.5131733,10.58980823,212.9862807,25.59177828,206.8675354,-3.839087486,192.7240827
28,138.7789121,200.6775613,110.0808191,208.9956608,37.67407608,213.5016836,10.6098932,212.9768687,25.58797264,206.8600352,-3.844334602,192.7263069
29,141.0316219,200.8137188,109.9910767,209.2162848,37.88508201,212.3264894,18.22040629,211.3510718,21.25985324,208.4983754,-2.574903488,195.3573987
30,141.0492706,200.8203712,109.9550976,209.1630716,37.67301095,212.2904005,17.38524461,211.4396568,22.40247726,208.7147841,-2.685863972,194.9361036
31,143.6764092,200.7862244,110.1021621,209.7700424,46.13867044,208.3357644,26.70843792,210.3336045,15.44850159,211.4750382,-0.097986698,202.5710801
32,143.6824932,200.7859607,110.1085927,209.7708378,46.1395359,208.3160896,26.7561872,210.2508049,15.27500772,211.4652902,-0.044616222,202.5209568
33,146.3377972,201.0064902,110.5434504,209.5945482,47.29156113,206.7464004,26.78841519,210.2257166,18.40943098,211.9263914,-0.138689995,202.4009701
34,146.3377972,201.0064902,110.5434504,209.5945482,47.29156113,206.7464004,26.78841519,210.2257166,18.40943098,211.9263914,-0.138689995,202.4009701
35,149.1118753,201.3420811,110.6657381,209.6639614,52.98739254,202.670907,25.54834151,211.9537699,19.25138372,210.8584893,-0.184995174,202.8051181
36,149.1121458,201.3403931,110.7207985,209.6868072,52.99480903,202.6515431,25.57094407,211.9163434,19.18987572,210.8366365,-0.148224354,202.8169601
37,151.7772601,202.2607574,110.6322973,209.7059088,57.82884645,200.9185481,13.64437413,212.8030815,27.749897,211.3503531,-1.78426075,203.0080536
38,151.7772601,202.2607574,110.6322973,209.7059088,57.82884645,200.9185481,13.64437413,212.8030815,27.749897,211.3503531,-1.78426075,203.0080536
39,154.4154906,202.9060678,111.1895659,210.3599091,63.30629158,200.7757182,11.99294836,213.6712549,27.69841868,211.9319618,-1.339455128,203.0169388
40,154.4346938,202.9098821,111.2221811,210.3329515,63.31356812,200.7667603,11.98751963,213.6780307,27.70328784,211.9295112,-1.344309807,203.0188614
41,156.5220599,203.417223,110.5429966,210.3270998,69.43836975,200.4389234,10.9447546,213.3360701,27.83489613,211.2013489,-2.658009529,202.346578
42,156.5220599,203.417223,110.5429966,210.3270998,69.43836975,200.4389234,10.9447546,213.3360701,27.83489613,211.2013489,-2.658009529,202.346578
43,159.1231487,203.6980758,111.7575054,210.6840019,75.56619549,200.2856092,14.52843308,213.1420318,24.91087985,211.5217715,-1.478302002,203.1736453
44,159.1016216,203.6996689,111.7748165,210.6883003,75.5567131,200.3360062,14.48864198,213.1554953,24.94886303,211.5468679,-1.485477924,203.1833376
45,161.3391776,204.393116,110.7946899,212.4599733,84.22672176,201.4268956,14.8979075,212.8923252,24.66434598,211.5629518,-1.787021637,202.5029551
46,161.3391776,204.393116,110.7946899,212.4599733,84.22672176,201.4268956,14.8979075,212.8923252,24.66434598,211.5629518,-1.787021637,202.5029551
47,163.6848527,204.5413427,109.3878484,213.0703286,93.51217926,202.3398132,21.45337617,212.5287591,27.34412217,212.6529852,-0.373660564,202.6993796
48,163.6543185,204.6058817,109.3731309,213.0895252,93.48741221,202.3717561,21.40075839,212.5432416,27.35131073,212.6817737,-0.377457142,202.7117689
49,166.2694695,204.5036135,109.1641759,211.8357043,103.2117357,203.0254869,16.36343718,210.1031446,29.09307182,214.5035255,0.217371464,202.569656
50,166.2694695,204.5036135,109.1641759,211.8357043,103.2117357,203.0254869,16.36343718,210.1031446,29.09307182,214.5035255,0.217371464,202.569656
51,168.2916861,204.0931025,112.215965,211.0928807,108.9984106,202.3754635,31.52869344,208.8207803,31.79568172,214.9429297,2.465264678,202.5634462
52,168.2733574,204.076066,112.2140489,211.085916,108.9063676,202.3411474,31.5602746,208.8246851,31.77828503,214.9392831,2.456729889,202.558643
53,170.5476542,203.4975886,109.2514303,212.2908554,121.6532807,203.1280463,35.14985389,208.7237911,31.33792114,214.9134326,2.33546555,202.7111695
54,170.5476546,203.4975896,109.2514303,212.2908554,121.6532807,203.1280463,35.14985389,208.7237911,31.33792114,214.9134326,2.33546555,202.7111695
55,172.7794208,202.6901727,109.7487073,211.3510609,130.4633,204.4831009,35.68541825,209.7555196,32.33230352,215.3091266,2.089803576,202.6338657
56,172.798219,202.7078667,109.7473925,211.2377644,130.4605725,204.4977665,35.71453458,209.6561847,32.32223701,215.3518989,2.096407533,202.6690855
57,175.7084465,201.9354324,108.578427,210.5787358,135.8652198,203.8952203,44.77790499,207.8626857,31.73087835,214.6673913,2.212676764,201.9916108
58,175.7084465,201.9354324,108.578427,210.5787358,135.8652198,203.8952203,44.77790499,207.8626857,31.73087835,214.6673913,2.212676764,201.9916108
59,177.8577557,201.6221027,108.2845085,209.5737972,138.6968799,203.6956367,50.64477122,207.4355123,31.36637688,214.0675664,2.793462992,202.3085634
60,178.0192642,201.666801,108.2960054,209.7408051,138.4449403,203.4617014,50.89514029,207.2501659,31.2739625,213.7175719,2.97698617,202.3200009
61,180.094883,200.9341369,108.8637347,209.6134963,144.900804,204.3182209,58.51753747,208.3467517,31.38182592,213.6406178,3.275717676,202.1450224
62,180.1070471,200.7790713,109.0688732,209.5411897,145.0045424,203.9698396,58.05306304,208.2664504,31.58266592,213.6499358,186.6056076,195.7827044
63,183.5659337,201.087863,108.47908,208.9251122,148.5245095,208.1794548,66.6619904,206.8132823,32.08473682,213.4924898,197.5497494,199.9656653
64,183.5808456,201.1087861,108.4789343,208.9270487,148.5280496,208.1526709,66.66912568,206.7907476,32.08797884,213.492506,197.5417433,199.9745498
65,186.0695457,200.9978914,107.8582647,208.931859,149.7761561,210.7114277,76.14868073,204.3987236,32.20939493,213.7304736,198.1592565,198.4161861
66,186.0695457,200.9978914,107.8582647,208.931859,149.7761561,210.7114277,76.14868073,204.3987236,32.20939493,213.7304736,198.1592565,198.4161861
67,188.4169188,200.8321881,106.8208561,209.3976216,149.7175949,211.1063156,81.70826793,203.9697647,32.20428896,214.0947433,200.8373415,195.6444612
68,188.5278568,200.8507805,106.7973634,209.3991604,149.748603,211.1099296,81.69181204,203.9692221,32.27928114,214.0932884,200.8567817,195.6811028
69,191.0101669,200.5360632,105.5560734,209.1782002,149.4987371,210.808847,87.88753748,204.2027626,31.86655974,214.0776579,199.1093378,197.9609671
70,191.3414261,200.5357552,104.2679868,208.948595,149.6602578,211.0699968,88.08010149,204.1688976,31.68878269,214.0387566,199.1222687,197.9760797
71,193.4764485,201.3729048,107.9878908,209.273448,149.5013363,211.3371563,95.67401981,204.2675343,31.81843543,214.0093381,200.7309239,198.1871705
72,193.4066744,201.3833852,107.9178385,209.2408781,149.2977273,211.4201379,95.67549562,204.2025766,31.82160568,214.0488529,200.6924753,198.1507504
73,195.5880594,201.6124725,109.8335929,208.5827374,149.7614504,210.8839467,101.0465686,206.3815961,31.83014631,213.8443807,202.5737367,196.2467155
74,195.4148717,201.5925064,109.817544,208.9252107,149.6059817,211.0330663,101.2640214,206.7681355,31.52529335,213.7347935,3.460125923,200.7748902
75,197.1434182,202.4583187,112.1170337,207.4992533,149.1069316,211.3655758,105.7787204,207.5156729,31.62899804,213.212695,3.400582075,200.590625
76,197.1348671,202.4729195,112.0599909,207.5117235,149.122934,211.3497515,105.7960243,207.5317442,31.89872551,213.3167863,3.454054296,200.5779285
77,217.1134171,203.6996193,181.665462,203.2032101,148.2944005,213.1680441,110.6677923,209.1469831,35.8453871,208.3884578,3.659867287,197.8856956
78,218.4575038,204.0174885,188.4891979,204.3397435,147.9446761,213.2907658,110.8642755,208.8418865,44.06169651,204.1618223,6.963503361,195.7755909
79,218.458282,204.0185575,188.4816267,204.3422592,147.9470413,213.2981005,110.8649509,208.8368297,44.057853,204.1699953,6.964398861,195.7728517
80,221.0055056,204.1824484,191.92799,203.9199828,148.1995891,212.8986092,110.9248099,209.2247567,50.53409171,200.7782331,10.22974217,193.9236951
81,220.9728072,204.1360531,191.9118714,204.0120104,148.2375886,212.9459734,110.9525733,209.3542809,50.55172777,200.8369417,10.17972231,193.8756437
82,223.2179182,204.9525003,193.0339544,205.041451,148.6943858,212.767065,110.4311299,209.9340448,57.79514003,199.5558574,12.73187941,191.749759
83,223.2172093,204.942502,193.014065,205.0323991,148.6799846,212.7638073,110.4277713,209.9420457,57.76260424,199.579838,12.6828028,191.8056343
84,224.991838,203.9816031,193.7119427,205.527526,149.0672516,212.1240883,110.6697505,211.5297384,66.25764143,196.7680483,14.36261988,189.357744
85,224.991838,203.9816031,193.7119427,205.527526,149.0672516,212.1240883,110.6697505,211.5297384,66.25764143,196.7680483,14.36261988,189.357744
86,227.1278868,203.2157536,196.2594238,204.6096377,149.600215,212.2590151,110.9314833,210.9297581,74.56126463,195.1291862,15.99746037,187.4964995
87,227.1248655,203.2065964,196.3183109,204.6421229,149.6048939,212.2634182,110.9333136,210.9313087,74.56089377,195.1271024,16.01518703,187.5030565
88,229.0770323,203.4841647,207.290843,204.9883018,150.0922132,212.9547386,112.0843759,210.8799453,84.86203361,195.3323317,17.2332778,185.6624875
89,229.0770323,203.4841647,207.290843,204.9883018,150.0922132,212.9547386,112.0843759,210.8799453,84.86203361,195.3323317,17.2332778,185.6624875
90,231.8089159,203.1320643,205.1315122,209.0336704,150.9896393,213.143939,112.6918583,211.0676231,91.46671951,196.6400394,18.5686264,184.4675345
91,231.8531797,203.1304007,205.1629488,209.0193372,150.9969103,213.1273403,112.7210703,211.0798903,91.44234538,196.6178875,18.55548716,184.5168681
92,233.9333363,202.3482676,204.9044104,210.1626711,151.1559236,213.1448088,113.6793041,210.9372988,94.20668721,196.6959402,19.64088106,182.8678017
93,233.9633722,202.3421803,205.0348114,210.0203896,150.9232035,213.2189312,113.338028,210.6555119,94.39732814,196.6367872,19.6402216,182.9577327
94,235.1562414,202.1356812,203.7213238,210.0836878,151.9424777,213.1394587,113.4051945,209.9904702,109.1834593,201.3492928,19.93756819,181.42351
95,235.154561,202.1312127,203.7150463,210.0896773,151.978061,213.1678581,113.4120018,209.9975052,109.1781094,201.3491917,19.92884445,181.4212124
96,236.892933,201.4220238,204.1000845,209.8738351,151.2794013,212.9397144,114.7171826,209.1947777,116.5186362,203.782917,20.65809059,179.7385912
97,236.892933,201.4220238,204.1000845,209.8738351,151.2794013,212.9397144,114.7171826,209.1947777,116.5186362,203.782917,20.65809059,179.7385912
98,238.2601922,201.286695,203.7054272,210.1265898,149.8003346,211.2175546,125.7107954,205.9924893,116.7337679,207.8666215,20.59509987,178.7430148
99,238.263763,201.2928162,203.6559698,210.090673,149.8967593,211.256206,126.0651302,205.9929005,116.6272648,208.0507426,20.60212845,178.73383
100,240.6229291,201.4836702,204.02377,210.5622978,148.4771124,211.3224592,117.8977661,208.8504474,121.2769704,205.5420439,21.35172451,178.6518984
101,240.6334395,201.5376325,204.1426339,210.6528111,148.4281408,211.2082715,118.167825,208.7819462,120.633328,205.8753208,21.34878111,178.5530725
102,242.1037765,201.5389638,203.9447541,210.9878011,150.7305136,211.7920938,112.3208201,208.5042672,134.292304,202.1188807,22.98251534,178.9836178
103,241.8963089,201.4994826,203.9117658,210.8760529,150.9676745,211.614305,112.8335238,208.9499898,134.0663428,202.3352327,23.06319833,179.0541129
104,244.7835152,201.8068223,203.89866,211.2766004,153.5501895,211.1698627,111.3166482,209.1486602,141.1365898,205.3639755,25.03927088,179.5473385
105,244.7036921,201.8014417,203.9008999,211.3301015,153.5364633,211.1380143,111.6239471,209.6232448,140.5439759,204.8908205,25.04589891,179.682164
106,247.0179019,201.8062987,204.2439467,211.5912323,156.2620525,209.9730258,111.9047198,210.0582347,145.4851942,206.4676127,26.10150051,181.4485259
107,247.0198686,201.8030658,204.235764,211.6016889,156.2372956,209.999867,111.9066904,210.0600386,145.4655104,206.4712212,26.10539246,181.4248238
108,249.2494659,202.1581535,204.688785,211.1590095,161.2809551,206.7427521,113.0605288,209.8496017,146.0150995,207.6123497,27.26175928,182.7020006
109,249.2494659,202.1581531,204.688785,211.1590095,161.2809551,206.7427521,113.0605288,209.8496017,146.0150995,207.6123497,27.26175928,182.7020006
110,250.1711855,202.2894244,204.2340441,211.090353,166.7798057,202.4987206,112.2503023,209.6586266,146.458673,208.9490824,27.69150686,183.7509003
111,250.0675135,202.2154827,204.1999229,211.0319066,166.7656059,202.4829907,112.240119,209.5658932,146.4764242,208.8111582,27.66221046,183.6864798
112,252.0585611,202.1383944,204.1535642,212.1121254,173.8028374,201.3180332,112.4477406,209.3166924,146.6266279,209.3033633,27.99975192,184.7369075
113,252.0585611,202.1383944,204.1535642,212.1121254,173.8028374,201.3180332,112.4477406,209.3166924,146.6266279,209.3033633,27.99975192,184.7369075
114,254.0994728,202.9386706,204.3369882,213.2945166,182.4063008,199.1700847,112.8930254,209.2829032,146.0929174,209.3697286,29.23589742,185.7801886
115,254.0982997,202.9609766,204.3749553,213.2052078,182.2883508,198.9811637,112.7726812,209.0770936,146.0960965,209.3417077,29.20870245,185.6707015
116,257.0278034,202.985352,203.9308047,212.9095604,192.5778475,201.2828021,113.3951316,209.9466481,146.7743071,210.4580469,31.23565149,186.5035448
117,257.0278034,202.985352,203.9308047,212.9095604,192.5778475,201.2828021,113.3951316,209.9466481,146.7743071,210.4580469,31.23565149,186.5035448
118,259.0731267,202.9949508,203.6775272,211.4073615,199.9369581,200.8365283,113.5133662,209.7197337,147.3396751,210.5131826,34.19886065,189.4350023
119,259.0392986,202.9884262,203.7323182,211.3696089,199.9869556,200.8467994,113.5120206,209.564517,147.2129046,210.581367,34.29286432,189.3708477
120,261.825945,202.905724,203.9905648,211.1822019,209.0228438,199.3518405,112.8966439,209.1864944,147.463788,211.2530551,37.60534406,190.8831401
121,261.825945,202.905724,203.9905648,211.1822019,209.0228438,199.3518405,112.8966439,209.1864944,147.463788,211.2530551,37.60534406,190.8831401
122,263.4182105,202.8780112,204.9470157,212.084446,216.2539268,201.3718519,113.1738997,208.7961707,147.7336926,210.8453989,40.4127202,191.9211185
123,263.3532548,202.8842955,204.8025194,211.9405632,216.2457294,201.297823,113.2025652,208.798852,147.768479,210.8799028,40.42557096,191.9348228
124,265.169261,202.9415436,205.463009,212.7580615,196.9786856,202.7033358,114.8920254,209.2179551,148.532571,211.1213865,43.59027171,192.2491255
125,265.169261,202.9415436,205.463009,212.7580615,196.9786856,202.7033358,114.8920254,209.2179551,148.532571,211.1213865,43.59027171,192.2491255
126,268.1126991,202.3241553,204.4476194,210.5079017,195.9761904,202.0794744,114.2487295,206.782146,147.9437501,211.404974,46.38162541,193.5911655
127,268.1547146,202.3480406,204.4750362,210.4598589,195.97296,202.065218,114.2592369,206.7284126,147.9108304,211.4013386,46.40040016,193.6872177
128,270.1882141,202.5392947,203.904208,210.2343435,232.5898461,209.6321683,118.6394985,202.2288224,146.3350328,211.927021,49.29992437,193.2549577
129,270.1882141,202.5392947,203.904208,210.2343435,232.5898461,209.6321683,118.6394985,202.2288224,146.3350328,211.927021,49.29992437,193.2549577
130,272.2784734,202.8275123,203.444787,210.6029267,232.2899518,211.5116463,126.9184279,200.0585098,145.3678212,210.2468581,51.71254191,193.4674807
131,272.2732687,202.8267355,203.4473616,210.5997443,232.333015,211.5059702,126.9214318,200.0602336,145.3617358,210.238584,51.72118086,193.4704604
132,274.195261,203.5448332,203.8261927,210.5366182,231.2194798,211.9401475,161.0187876,201.5857997,148.7593394,211.1736593,54.10640168,193.5431018
133,274.1392279,203.5283942,204.021878,210.6744866,230.0579329,211.9275449,161.2412739,201.4451613,148.7633049,211.1863828,54.1877811,193.4481778
134,275.8550644,204.244009,204.4911103,210.9470482,232.7466083,212.8486508,160.7290347,203.7276407,148.7193341,210.9816465,55.62912869,193.6414561
135,275.8677257,204.2444906,204.5004925,210.95121,232.7521467,212.8462238,160.7279642,203.7348937,148.7295474,210.9947166,55.60712624,193.6691103
136,277.3105689,204.581687,206.6151717,209.6186261,230.4022074,213.426258,167.0741606,204.2496948,151.1728683,211.0805216,57.99010515,194.3920569
137,277.3105689,204.581687,206.6151717,209.6186261,230.4022074,213.426258,167.0741606,204.2496948,151.1728683,211.0805216,57.99010515,194.3920569
138,278.7581348,204.7402277,203.3537025,208.0977211,230.5569322,213.1783061,172.0619489,204.3562956,150.9659503,211.7945471,59.45311683,195.3076334
139,278.7506645,204.7097511,203.257138,208.1086023,230.5780442,213.1890048,172.0570255,204.3468313,150.9708536,211.7939911,59.47190988,195.3194737
140,280.2878127,204.9484015,199.5790901,209.5324359,231.6967969,213.0478739,182.0399024,204.0649958,148.8846222,210.9985986,61.24379575,195.4448466
141,280.4266715,204.8848906,199.3613636,209.6529703,231.2680955,213.0695374,181.789587,204.1914635,149.0209326,210.9600754,60.97873729,195.4413996
142,1.776245594,133.5083538,6.959148645,287.578655,4.808325171,-0.474993706,9.516729832,124.5080899,6.610650778,92.04298694,865.2366281,121.3957465
143,1.774025679,133.508606,6.959148407,287.578655,4.803712308,-0.46628952,9.52246666,124.5083455,6.61111474,92.03481573,865.2366281,121.3957465
144,283.0240278,205.792678,204.1347201,208.8536859,229.5912926,212.505487,194.6778775,203.8535318,148.7691399,211.5558686,65.63803983,194.9140887
145,283.0279341,205.7908707,204.168418,208.8594947,229.5905073,212.5058697,194.6919103,203.8584881,148.7737747,211.5589204,65.63381433,194.9154401
146,284.8449202,205.8328419,240.991359,210.4393933,219.8762642,212.2129633,200.7694697,204.948678,148.399019,211.3345041,67.887878,195.1407018
147,284.8449202,205.8328419,240.991359,210.4393933,219.8762642,212.2129633,200.7694693,204.948678,148.399019,211.3345041,67.887878,195.1407018
148,286.7345443,205.1981344,241.3709683,210.1139057,221.8551006,212.4648453,204.9069892,208.2245045,148.2755699,211.0139637,70.09650421,195.9242864
149,286.7345443,205.1981344,241.3709683,210.1139057,221.8551006,212.4648453,204.9069892,208.2245045,148.2755699,211.0139637,70.09650421,195.9242864
150,288.7815113,204.9706802,240.0053377,210.4022959,222.6924016,212.4597173,206.839498,208.6642013,147.9724412,211.0113373,72.0288868,195.5335779
151,288.7815113,204.9706802,240.0053377,210.4022959,222.6924016,212.4597173,206.839498,208.6642013,147.9724412,211.0113373,72.0288868,195.5335779
152,291.2172191,204.9512167,241.9419782,209.291357,226.0286474,211.7810743,206.9501374,207.8640418,148.2574971,210.7676997,75.25569272,195.8080935
153,306.6618519,200.8783092,271.294795,204.3277364,231.2603617,212.7247744,206.340832,209.4983406,146.9913324,208.7221813,93.69290841,192.670095
154,308.89548,201.8749256,276.3238401,202.726964,232.4265895,212.7598429,205.7157836,209.2744451,147.9336016,206.5713158,96.1818738,191.4611802
155,308.8373773,201.7989516,276.1979865,202.7697091,232.4081688,212.7751312,205.5789828,209.2441325,147.9591989,206.5414133,96.20809603,191.4464483
156,310.9606259,202.7722096,279.6750715,206.0485146,232.8163371,212.7014055,205.5039475,210.4579611,153.289042,205.4864969,97.56961918,190.2959175
157,310.9606259,202.7722096,279.6750715,206.0485146,232.8163371,212.7014055,205.5039475,210.4579611,153.289042,205.4864969,97.56961918,190.2959175
158,312.4902167,202.6081266,279.6880298,208.274713,233.5680313,212.1459265,204.1264592,211.6187057,163.6297197,201.2824559,97.77360749,189.8624153
159,312.4839716,202.6154122,279.6532817,208.2823486,233.5601521,212.1589088,204.126788,211.617095,163.6970696,201.3568902,97.79628539,189.8008289
160,313.8937807,202.559299,279.0902216,209.5799642,233.9235811,212.7661085,205.5101449,211.7290683,173.9847164,198.3591759,100.0267414,188.9887867
161,313.8937812,202.559299,279.0902216,209.5799642,233.9235811,212.7661085,205.5101449,211.7290683,173.9847164,198.3591759,100.0267414,188.9887867
162,315.627557,202.0475812,278.5823476,210.2439599,233.3583083,213.5206709,205.1364849,210.7188981,185.0549932,200.4838986,101.6945249,188.8575706
163,315.6281687,202.0444336,278.5955176,210.2450891,233.344974,213.5245113,205.1348566,210.732249,185.0637875,200.485465,101.696771,188.8592958
164,317.5982685,201.8039722,278.9674778,210.5165048,232.9486766,212.612236,206.7394929,210.9995317,194.7431641,202.2937918,103.903836,188.4870024
165,317.5982685,201.8039722,278.9674778,210.5165048,232.9486766,212.612236,206.7394929,210.9995317,194.7431641,202.2937918,103.903836,188.4870024
166,319.8885162,201.9082313,278.6938117,210.5027151,232.6737728,211.3608537,205.141938,211.5883632,204.1776295,203.0867949,106.0153071,187.9145708
167,319.8947325,201.9160914,278.6212842,210.4936533,232.6923378,211.4179163,205.1677222,211.641493,204.1417601,203.1371851,106.1031809,187.9562426
168,322.0342484,201.6958685,278.9695699,210.7779689,231.4383745,212.4598978,215.6114402,207.4298267,211.7233557,206.6612587,107.8043661,187.4953227
169,322.0342484,201.6958685,278.9695699,210.7779689,231.4383745,212.4598978,215.6114402,207.4298267,211.723356,206.6612587,107.8043661,187.4953227
170,323.7012697,201.8767338,278.943351,211.050427,232.3609254,211.8518996,213.5140121,208.6736259,215.5894909,206.5076382,110.3943229,187.3717403
171,323.7147133,201.8797097,278.9560919,211.0469069,232.3886204,211.8513327,213.5817574,208.6310506,215.5650134,206.4950409,110.3874543,187.3348432
172,325.2484033,202.2836518,279.1373177,211.1229501,233.1844792,211.5547199,210.4590678,210.0019079,221.5842152,206.1539271,112.4753404,187.3325558
173,325.2484033,202.2836518,279.1373177,211.1229501,233.1844792,211.5547199,210.4590678,210.0019079,221.5842152,206.1539271,112.4753404,187.3325558
174,327.502099,202.2272801,278.6650708,211.0723314,234.0899632,210.7389531,209.9649396,210.312308,223.5505943,208.0333109,114.6362834,187.6947646
175,327.4711456,202.2511783,278.6679077,211.0669122,234.0998535,210.7176075,209.8010788,210.260918,223.5232251,208.0272756,114.6313363,187.6877046
176,329.3792357,202.2058725,279.5695202,210.7155576,238.8911605,209.1433201,209.1029663,210.3308499,226.0168786,208.8094707,115.8906133,188.117507
177,329.3792357,202.2058725,279.5695202,210.7155576,238.8911605,209.1433201,209.1029663,210.3308499,226.0168786,208.8094707,115.8906133,188.117507
178,331.3153043,201.9321198,279.6508374,210.9545784,243.206495,205.1852875,210.1032882,209.6561551,224.3241231,210.9263315,117.5632805,189.229352
179,331.3323135,201.9334731,279.6390123,210.9528999,243.2960984,205.0980368,210.188807,209.5693452,224.3748577,210.8771667,117.5937515,189.2998104
180,333.4789695,201.911839,278.5964355,211.8264832,251.4297686,201.233377,214.249377,209.9464085,225.9415264,211.4274278,119.1568127,190.2456334
181,333.4789695,201.911839,278.5964355,211.8264832,251.4297686,201.233377,214.249377,209.9464085,225.9415264,211.4274278,119.1568127,190.2456334
182,335.3164883,202.2892098,278.7810757,211.9938726,260.1187506,200.5111289,226.9626101,208.0553999,224.6354187,212.5126553,120.4694939,191.1403055
183,335.2802076,202.2790232,278.7636547,212.022398,260.1453991,200.5261145,226.9343985,208.0992703,224.6222298,212.4871378,120.470542,191.1445644
184,338.057374,202.9515395,278.090714,212.0953598,267.5096097,200.387063,218.9358656,207.2625332,225.0447366,211.8705583,121.8799105,191.6507466
185,338.057374,202.9515395,278.090714,212.0953598,267.5096097,200.387063,218.9358656,207.2625332,225.0447366,211.8705583,121.8799105,191.6507466
186,339.3052933,203.3740077,278.4214661,211.3689516,275.885076,200.1960645,225.3897049,207.402318,220.5578842,211.5317934,123.6486216,192.5133762
187,339.3041424,203.3686118,278.4274471,211.3611202,275.8941808,200.1907973,225.3694301,207.4286413,220.5704212,211.5471075,123.6576428,192.5055308
188,341.4300296,203.5033073,278.3900342,210.7874489,284.1859055,200.2316332,217.1277537,208.9504695,225.2116849,212.0864191,124.7273048,193.9039564
189,341.4233102,203.5112514,278.3911316,210.7853227,284.1945362,200.2305202,217.1213951,208.8939583,225.1870081,212.0697336,124.7254392,193.891192
190,343.6649978,203.3562336,279.7971036,212.3111296,295.2108023,198.6365235,215.9003077,205.9845951,226.3150098,212.2678194,126.8591409,194.7445912
191,343.6635177,203.3566093,279.7973483,212.311223,295.2104292,198.6382587,215.899195,205.9845144,226.3145757,212.2683964,126.8586907,194.7448897
192,345.3055682,202.5434947,279.7231913,212.1904154,303.0358567,199.6207268,237.4348683,205.3081561,230.1232824,211.6673536,128.7495027,195.1596313
193,345.3055682,202.5434947,279.7231913,212.1904154,303.0358567,199.6207268,237.4348683,205.3081561,230.1232824,211.6673536,128.7495027,195.1596313
194,347.643065,201.5257821,279.1596227,212.2581263,312.2477169,201.3706975,239.2235937,205.1339995,230.491118,212.2095661,131.5072665,195.6415052
195,347.6426516,201.5256352,279.1597404,212.2578526,312.2482123,201.3711066,239.2229643,205.1341729,230.4918799,212.2095032,131.5105385,195.6389461
196,350.526232,200.5873089,279.3036749,210.9576859,314.9877063,203.7671079,240.4668434,205.0097162,230.9063723,212.0355215,133.7841157,196.1876049
197,350.526232,200.5873089,279.3036749,210.9576859,314.9877063,203.7671079,240.4668434,205.0097162,230.9063723,212.0355215,133.7841157,196.1876049
198,353.0903068,199.8158329,279.1999674,210.4153938,325.5511096,204.470482,241.5736754,204.0969111,231.5477905,212.0548792,136.3267508,197.4684774
199,353.0146475,199.7698464,279.1572359,210.4640245,325.4565922,204.4230416,241.588922,204.1362381,231.5444322,212.0622587,136.3408742,197.4648083
200,355.4847627,199.2849207,278.7671373,210.175807,328.9208417,206.1542962,247.9998298,204.3471785,232.6348338,212.4753637,139.6334248,197.6747582
201,355.4847627,199.2849207,278.7671373,210.175807,328.9208417,206.1542962,247.9998298,204.3471785,232.6348338,212.4753637,139.6334248,197.6747582
202,359.1303179,199.3620651,277.5491456,210.3366737,331.2256213,209.9675741,255.1125352,202.9292531,231.8095984,212.4271164,143.0572193,198.0813293
203,359.1353316,199.3612945,277.5660341,210.3547206,331.2460406,209.9667192,255.1767097,202.9515204,231.7991512,212.4454832,143.0443592,198.0847883
204,361.4713745,198.839041,278.1186211,210.7518611,332.236987,210.301434,261.4823929,203.0311055,230.9410686,212.1779013,147.0992152,197.711525
205,361.4713745,198.839041,278.1186211,210.7518611,332.236987,210.301434,261.4823928,203.0311055,230.9410686,212.1779013,147.0992152,197.711525
206,363.8485398,198.9340081,279.1024032,210.3910646,332.7082008,210.5142241,269.1393777,203.5384126,231.006943,212.3985682,150.3335218,197.3507767
207,363.8458672,198.9329607,279.1121602,210.3740659,332.7251531,210.5153236,269.1418253,203.5256605,230.9923506,212.3805027,150.4203403,197.3839903
208,366.5531931,198.8330867,280.493041,210.2591541,332.8121173,210.6627655,273.7277207,204.6567516,230.9450157,212.6495752,154.3665366,197.5691731
209,366.5531931,198.8330867,280.493041,210.2591541,332.8121173,210.6627655,273.7277207,204.6567516,230.9450157,212.6495752,154.3665366,197.5691731
210,369.7381315,199.4141669,282.6053233,209.8142176,332.6828433,210.4481325,275.6316929,206.3651321,231.0948813,212.5593615,157.9698474,197.5755107
211,369.7149086,199.4112573,282.5941172,209.8214314,332.6866145,210.4400978,275.59714,206.3620355,231.0407803,212.5968075,158.0334404,197.5497849
212,372.366621,199.4412415,284.9784114,208.4872048,332.4244044,209.7890468,275.199294,207.7581594,231.0913768,212.4908104,161.6512527,198.4263914
213,372.366621,199.4412415,284.9784114,208.4872048,332.4244044,209.7890468,275.199294,207.7581594,231.0913768,212.4908104,161.6512527,198.4263914
214,374.8518705,199.9828658,290.9952625,205.749694,332.3012871,210.3534513,275.2317985,208.7445111,231.0435662,212.4267931,165.9218769,198.8729129
215,374.8548951,199.9867086,290.997021,205.7497714,332.2928553,210.3538322,275.247672,208.7389388,231.0542686,212.4154854,165.8353372,198.8850248
216,378.3444963,199.4186184,299.9137625,203.6787901,332.3998098,209.7091117,276.2878034,209.5342464,230.3419001,212.0781841,169.6890068,200.2000656
217,378.3444963,199.4186184,299.9137625,203.6787901,332.3998098,209.7091117,276.2878034,209.5342464,230.3419001,212.0781841,169.6890068,200.2000656
218,380.9313231,199.4117897,308.4920434,203.6986251,330.8633116,210.5858049,276.3311188,209.7640033,230.1772907,211.6982994,172.5553303,199.5003111
219,380.9217253,199.4559104,308.5205088,203.676702,330.932081,210.5685806,276.3044078,209.7725277,230.2216122,211.7457347,172.5946506,199.4699459
220,384.3437395,199.4308248,319.0849404,204.7996521,330.2718892,211.6880503,276.2636543,210.5326328,230.75196,211.7846355,175.9915166,198.9466851
221,384.3437395,199.4308248,319.0849404,204.7996521,330.2718892,211.6880503,276.2636543,210.5326328,230.75196,211.7846355,175.9915166,198.9466851
222,386.713088,200.1717987,334.715075,204.8982005,331.6364641,211.148742,276.6889495,210.3087225,230.5376194,211.5205698,178.9691453,198.6077204
223,386.6990595,200.141129,334.6992607,204.9250408,331.7724237,211.215987,276.6131803,210.2721901,230.5267751,211.5282969,178.9748764,198.5821471
224,388.8776157,201.163702,336.4812157,206.2916844,332.7049304,209.4613323,277.6839068,209.8288651,230.1213124,210.7713575,181.7557145,198.3865526
225,388.8776157,201.163702,336.4812157,206.2916844,332.7049304,209.4613323,277.6839068,209.8288651,230.1213124,210.7713575,181.7557145,198.3865523
226,391.4377177,201.2153053,345.6295309,203.6978741,332.1169002,211.0492933,278.8339,210.0863123,229.8109663,210.0553875,184.6823778,197.5490705
227,391.3783033,201.2295022,345.640949,203.5736814,332.2922343,211.0013934,278.9766033,209.9317851,229.7729625,210.0689874,184.7300367,197.6046137
228,394.5258074,201.7100277,355.1232349,202.8747578,331.2634211,211.5945654,279.3123338,209.865943,228.9343156,208.2851381,187.9233184,196.011095
229,403.0146079,199.5092833,366.9752135,200.3825698,331.2698327,213.2897043,278.9109674,211.0131593,247.0199883,198.1705539,194.4931417,191.8639562
230,402.9665089,199.4276228,366.7821772,200.3425179,331.255756,213.1842241,278.8770106,210.9979205,247.0725477,198.2508276,194.5238585,192.0594802
231,406.0138357,199.6962719,376.2155104,202.5901361,331.7976417,213.1799402,280.4589388,210.2027302,257.1751523,197.5667357,195.9462891,192.1439786
232,406.0138357,199.6962719,376.2155104,202.5901365,331.7976417,213.1799402,280.4589388,210.2027302,257.1751523,197.5667357,195.9462891,192.1439786
233,409.4340944,199.3807487,376.8819242,207.8443501,332.4704227,213.0546436,279.7553346,209.644196,263.1090722,196.6476311,199.2341273,191.7868602
234,409.4254975,199.3705535,376.8572574,207.8372059,332.479426,213.0618286,279.7909791,209.6852999,263.1031461,196.6139034,199.2487261,191.7772853
235,412.7057333,199.1016791,376.6307955,209.9040895,332.942789,212.0694818,280.7711756,210.2140483,283.1831231,205.1481568,201.2384644,191.3902328
236,412.7057333,199.1016791,376.6307955,209.9040895,332.942789,212.0694818,280.7711756,210.2140483,283.1831231,205.1481568,201.2384644,191.3902328
237,415.8308237,198.7329288,376.8127789,210.6177182,332.8076797,211.9044194,277.6280246,209.9508431,286.8006189,202.7947736,203.4574776,191.1019375
238,415.8522787,198.7487586,376.7462926,210.641573,332.6250861,212.0208492,277.7144479,210.0274887,286.8275673,202.7459183,203.4219828,191.1046426
239,417.4377031,198.915067,377.0257783,210.9317355,333.041274,211.5673175,280.6356013,210.3957264,288.9615278,201.1981268,205.3383276,191.2759407
240,417.4377031,198.915067,377.0257783,210.9317355,333.041274,211.5673175,280.6356013,210.3957264,288.9615278,201.1981268,205.3383276,191.2759407
241,420.1673021,199.7908394,377.4181056,211.0436149,334.0088975,211.7265916,279.6312726,210.3221869,291.1030444,202.2784123,207.2519362,190.7819371
242,420.1413183,199.7859595,377.4000974,211.0399709,334.0303826,211.7901177,279.6537833,210.3095431,291.1314316,202.3185253,207.2405922,190.7732286
243,422.8418648,200.9217868,377.3808794,210.8837476,334.2699509,211.4432974,280.7699628,210.9624007,288.1038589,206.42994,209.749927,191.1746833
244,422.834842,200.9186802,377.3963966,210.8785157,334.2978482,211.4230089,280.7021732,210.970823,288.2256517,206.3507681,209.7357497,191.1686008
245,425.4493351,200.8948069,377.9156008,210.3004928,334.4333866,211.3131495,280.3451233,211.0698112,288.4723105,207.2463937,211.6562486,191.3463635
246,425.4490228,200.8943458,377.9160519,210.3007174,334.433044,211.3130226,280.3442822,211.0697907,288.4723725,207.2469361,211.6563196,191.346375
247,427.7732449,201.5801535,377.7185516,210.6973047,334.889806,211.2574741,278.5135157,211.279345,323.2466328,207.588141,213.9453334,192.6709843
248,427.7732449,201.5801535,377.7185516,210.6973047,334.889806,211.2574741,278.5135157,211.279345,323.2466329,207.588141,213.9453334,192.6709843
249,429.6684916,202.0141754,378.1609273,210.6018081,333.6885111,210.3521175,278.9113567,210.5026031,315.9854878,203.3288445,215.3889885,193.4640021
250,429.6684916,202.0141754,378.1609273,210.6018081,333.6885111,210.3521175,278.9113567,210.5026031,315.9854878,203.3288445,215.3889885,193.4640021
251,431.6825409,202.434752,378.7022834,210.2164001,337.1748483,210.6784906,278.1187565,210.0471778,322.6734447,203.2763524,217.9111762,192.5938578
252,431.6825409,202.434752,378.7022834,210.2164001,337.1748483,210.6784906,278.1187565,210.0471778,322.6734447,203.2763524,217.9111762,192.5938578
253,433.937932,202.3050799,378.6186267,209.8347893,342.9421291,208.6983109,277.2875152,210.1108108,332.1056757,206.08585,220.1158133,191.5641797
254,433.9572859,202.2695889,378.6163815,209.8343081,342.8986886,208.537684,277.3011017,210.1330295,331.8366809,205.96933,220.1236992,191.5857222
255,436.2379244,202.3230252,377.5356755,210.5468674,349.0429943,202.9445133,278.0632267,210.1307054,332.7790083,209.2454619,221.7718737,190.7080595
256,436.2379244,202.3230252,377.5356755,210.5468674,349.0429943,202.9445133,278.0632267,210.1307054,332.7790083,209.2454619,221.7718737,190.7080595
257,438.5448201,202.1617618,377.8326335,210.9734087,358.9925699,199.8715017,278.7557936,209.7749934,333.1893207,209.9693503,222.8901896,188.3230228
258,438.5954814,202.2158866,377.8284798,210.9620247,358.9969141,199.8631096,278.7303605,209.7879539,333.2045105,209.9477525,222.8785789,188.3329449
259,440.4169769,201.6581578,377.5562105,212.205384,369.8244972,201.0752101,279.6845214,209.9168572,332.9502218,209.8167119,223.6448474,187.1468487
260,440.4169769,201.6581578,377.5562105,212.205384,369.8244972,201.0752101,279.6845214,209.9168572,332.9502218,209.8167119,223.6448474,187.1468487
261,443.116786,201.4362803,378.1883211,211.0723462,378.376874,200.5760341,281.0115633,209.2923479,332.820647,210.8336,224.046133,186.9129772
262,443.1125541,201.4494047,378.1826901,211.0690725,378.369555,200.539134,281.0863209,209.3030028,332.8274353,210.856709,223.9892046,186.9161386
263,445.2299123,201.3361087,378.2184601,210.6972734,389.3755064,199.5342214,284.1225619,205.1112013,332.954741,211.5090852,225.1145916,187.1006136
264,445.2299123,201.3361087,378.2184601,210.6972734,389.3755064,199.5342212,284.1225619,205.1112013,332.954741,211.5090852,225.1145916,187.1006136
265,447.1888616,201.0105343,377.514327,211.7424092,398.5370252,199.7172582,290.5918185,203.3730783,332.8834118,211.9578319,226.678983,187.9521098
266,447.0883975,201.0592046,377.4855161,211.7311773,398.4821236,199.6873937,290.5039672,203.3353043,332.8860253,211.978857,226.6955687,187.9200273
267,448.6173782,200.9287534,376.8576498,211.9120808,411.6837292,199.5756335,298.8849877,200.9322476,331.0950465,211.6362902,228.0702356,189.6953859
268,448.6173782,200.9287534,376.8576498,211.9120808,411.6837292,199.5756335,298.8849877,200.9322476,331.0950465,211.6362902,228.0702357,189.6953859
269,451.1019163,200.6637826,378.2110095,211.3134369,419.0155684,200.1871591,310.7884169,199.5812266,332.2468758,211.7673138,229.7411083,190.4427519
270,451.1026425,200.6638513,378.2113967,211.3135957,419.0156611,200.1867533,310.7881455,199.5821073,332.2466249,211.7672721,229.7416998,190.4436164
271,453.3783724,200.9093819,378.0804181,210.2910972,424.7627294,202.620559,371.0597496,205.9570316,333.2895699,212.4566078,231.8004048,191.455014
272,453.3783724,200.9093819,378.0804181,210.2910972,424.7627294,202.620559,371.0597496,205.9570316,333.2895699,212.4566078,231.8004048,191.455014
273,456.2543797,201.1138639,377.5048189,209.6865168,430.9265895,206.192517,369.7318459,207.7278018,333.2041665,211.7701216,234.3699965,192.0903907
274,456.2554178,201.1120563,377.502317,209.6853261,430.9266708,206.1933188,369.7312126,207.7269073,333.2179307,211.7695203,234.3626947,192.0901418
275,459.0785465,200.3453574,377.2589111,210.0025544,431.5498044,209.8823838,347.4893571,203.1922827,336.1258533,211.2836218,235.7407901,192.7855248
276,459.0785465,200.3453574,377.2589111,210.0025544,431.5498044,209.8823838,347.4893571,203.1922827,336.1258533,211.2836218,235.7407901,192.7855248
277,461.4148928,200.3029509,376.387167,211.1430554,432.18712,210.4713225,354.4780011,204.7137365,337.0022979,213.6595722,238.2412779,192.8849611
278,461.4253781,200.2892413,376.4015226,211.1450453,432.2448797,210.4379058,354.4589624,204.7241182,337.0464869,213.6579064,238.2485662,192.8767772
279,463.8583713,200.5476322,376.0619624,211.55686,431.8261945,210.525198,360.2708168,203.8029022,335.5721538,212.7175026,241.8744969,192.7340918
280,463.8583713,200.5476322,376.0619624,211.55686,431.8261945,210.525198,360.2708168,203.8029022,335.5721538,212.7175026,241.8744969,192.7340918
281,465.9229312,201.1394753,377.7821159,212.3705064,432.3855677,210.2448955,367.4600596,203.9563112,334.4679909,212.0250854,244.544673,192.3979306
282,465.9167724,201.130753,377.817502,212.3896936,432.3745809,210.2442269,367.4607515,203.9780755,334.5215054,212.039958,244.5634814,192.3954201
283,468.6260509,201.5136461,379.5732486,209.983006,431.9394593,209.348094,370.5122517,205.4274111,334.6025846,212.099474,247.7048047,191.8745077
284,468.6260509,201.5136461,379.5732486,209.983006,431.9394593,209.348094,370.5122517,205.4274111,334.6025846,212.099474,247.7048047,191.8745077
285,471.3326743,201.1522813,384.1165304,208.8964729,432.001399,209.5696459,373.7427381,207.460902,334.3439317,211.9108696,251.0831189,192.6118913
286,471.3081882,201.1576648,384.1062233,208.8765821,431.9780338,209.5748672,373.7324561,207.4610386,334.3519251,211.9160252,251.0465517,192.6068077
287,474.2791343,199.9918864,388.6198631,206.0439768,431.411319,209.421721,373.2878166,208.7655411,333.2898034,212.2628841,253.9419817,193.1959858
288,474.2791343,199.9918864,388.6198631,206.0439768,431.411319,209.421721,373.2878166,208.7655411,333.2898034,212.2628841,253.9419817,193.1959858
289,478.0045218,198.5793986,395.2273581,203.2969556,431.509861,209.8595872,373.9814105,208.8356915,332.7505103,212.3772106,258.0254588,194.6532607
290,478.0426946,198.5617504,395.2091748,203.286324,431.5102451,209.9003229,373.9696316,208.8537188,332.8025555,212.3171167,258.0048119,194.6574144
291,480.8269448,198.3307486,403.0187458,202.4111109,431.1437516,210.2905788,373.4874986,208.8012977,332.5705413,212.1582537,261.080057,195.6047405
292,480.8269448,198.3307486,403.0187458,202.4111109,431.1437516,210.2905788,373.4874986,208.8012977,332.5705413,212.1582537,261.080057,195.6047405
293,483.5603876,198.4991999,416.0122161,203.0156823,428.7862039,210.7754083,373.4189324,209.3536892,331.8811502,211.96135,263.9403992,195.8003021
294,483.5621972,198.5012646,416.034586,203.000923,428.7902608,210.7703767,373.418727,209.3459959,331.9038396,211.9711905,263.9761391,195.8445739
295,485.6520777,198.6902664,433.4421,204.0341246,430.1434047,210.4634314,374.0554039,209.7916007,332.0717121,212.0152197,267.2115707,195.2671326
296,485.6520777,198.6902664,433.4421,204.0341246,430.1434047,210.4634314,374.0554039,209.7916007,332.0717121,212.0152197,267.2115707,195.2671326
297,487.7426071,198.6756575,435.4664319,204.1758886,429.0592666,209.5625598,374.7904191,210.067647,331.8111743,211.9715214,269.686821,195.806315
298,487.7060716,198.695339,435.7872104,203.5808938,428.81185,209.8481812,374.7884679,210.1141791,331.836185,211.9820919,269.6560966,195.8068508
299,490.9380102,199.093724,438.4227574,205.2942796,431.3305342,207.7047997,375.704684,210.2804089,331.6347915,211.2326579,272.4993534,196.1618559
300,490.9380102,199.093724,438.4227574,205.2942796,431.3305342,207.7047997,375.704684,210.2804089,331.6347915,211.2326579,272.4993534,196.1618559
301,493.6758795,199.3095067,452.6649858,202.7037277,429.4925153,211.4049475,375.9123023,210.1749997,331.584759,210.1160631,276.8648822,195.6942234
302,493.6700791,199.3089461,452.6580419,202.7052388,429.4889441,211.401168,375.8900032,210.1835423,331.6098744,210.1405902,276.3203746,196.0707348
303,495.6340916,199.5285096,460.4024501,202.580101,429.9181634,211.8882871,376.4122038,209.7616177,335.8654718,206.313298,278.9778779,194.8092155
304,495.6324584,199.5314269,460.4060692,202.5798349,429.9232527,211.900857,376.4065919,209.7709112,335.8643525,206.2722962,278.9782343,194.8056674
305,506.3865733,200.7301373,478.7102218,206.7649994,432.269187,211.3808985,375.11869,210.5088612,375.8386335,203.4446825,288.6086915,194.7821832
306,508.8963413,200.4012141,479.2484634,208.6272202,432.0902286,211.5604391,375.6374481,211.2142846,381.3998489,203.6838574,291.2395355,194.0927305
307,508.8668365,200.4065199,479.1330411,208.5108976,431.9758162,211.5501781,375.543689,211.1619388,381.5963051,203.4753613,291.2465259,194.167748
308,511.7917681,199.7022612,479.4702277,210.3399463,431.5927446,210.541286,385.154568,205.9071939,384.1506202,204.6908569,293.7111741,193.7988954
309,511.7917681,199.7022612,479.4702277,210.3399463,431.5927446,210.541286,385.154568,205.9071939,384.1506202,204.6908569,293.7111741,193.7988954
310,514.8177629,199.858963,479.3977654,210.3089676,431.0073426,210.9625401,377.092236,208.6904111,397.7046952,202.0766048,295.7643819,193.1214089
311,514.7015796,199.8104975,479.4146473,210.2811985,430.8323839,210.8281507,377.1989245,208.7432508,397.8447788,202.2540975,295.6964138,193.1173248
312,517.3047996,200.2207165,479.7634387,210.4320784,431.2334144,211.8045077,375.1287279,210.0290003,407.0276604,201.730433,298.112365,192.4226625
313,517.3047996,200.2207165,479.7634387,210.4320784,431.2334144,211.8045077,375.1287279,210.0290003,407.0276604,201.730433,298.112365,192.4226625
314,520.2306714,200.663435,479.8085723,210.1528029,431.840744,211.7456141,375.493089,209.7562132,416.3334398,202.0506868,300.6924177,191.5493903
315,520.2421217,200.665935,479.7160945,210.2010169,431.7675183,211.7289262,375.4649439,209.7964034,416.2343163,202.1194324,300.6841729,191.5506172
316,522.7963071,200.720202,480.1792865,210.1554604,432.5737803,210.4074445,376.1744318,209.2795954,423.1724467,202.5676122,302.7548835,191.8855424
317,522.7963071,200.720202,480.1792865,210.1554604,432.5737803,210.4074445,376.1744318,209.2795954,423.1724467,202.5676122,302.7548835,191.8855424
318,525.9746594,200.9101372,480.4961319,210.8993869,435.9346184,208.9191103,376.8502359,209.5406737,428.4685311,204.3447161,305.2015195,192.1606593
319,525.9773952,200.9051342,480.4965863,210.8978772,435.933152,208.9183121,376.8441277,209.5478787,428.4657615,204.3443823,305.2146773,192.1636958
320,528.0678372,200.7793145,480.1974916,210.4047389,440.4051709,206.9054694,376.2553282,209.2591701,430.9671586,206.0981011,308.2496498,192.0186357
321,528.0885167,200.7317462,480.174787,210.3825989,440.2813067,206.6422203,376.2703996,209.2392044,430.8668516,205.9991447,308.1203933,192.2245412
322,530.833159,200.7983646,480.163075,210.6252027,447.6635346,203.4950166,375.9086123,209.4819746,431.4825444,208.9366493,309.6128054,192.1512413
323,530.8304071,200.7955241,480.1651158,210.6259255,447.6638548,203.4952431,375.9083257,209.4829764,431.4827094,208.9370251,309.6144996,192.1511531
324,533.260438,201.1810184,478.7780228,211.1988292,456.5373888,200.2755699,375.106879,209.4200916,431.7676964,209.5316563,310.7547174,191.4364338
325,533.260438,201.1810184,478.7780228,211.1988292,456.5373888,200.2755699,375.106879,209.4200916,431.7676964,209.5316563,310.7547174,191.4364338
326,536.1199045,201.3872128,479.2706027,210.2754378,464.2447987,199.8938282,374.6775689,208.925415,432.2006969,209.2539768,312.7307577,190.3695188
327,536.1329226,201.3958716,479.3293347,210.3310151,464.2547932,199.8958759,374.712337,208.9570704,432.1776862,209.2370896,312.7515221,190.3535495
328,538.9238319,201.2727532,479.3046114,210.4986273,475.5251803,199.0405166,375.8897438,208.8623319,432.5546751,209.0657992,314.8086767,189.6564375
329,538.9238319,201.2727532,479.3046114,210.4986273,475.5251803,199.0405166,375.8897438,208.8623319,432.5546751,209.0657992,314.8086767,189.6564375
330,541.5830723,201.2578654,479.6880419,210.2825994,485.1342787,198.5091295,376.2672276,208.6252437,433.3397293,209.9911766,317.0928591,188.8884331
331,541.4797137,201.2946591,479.702343,210.280519,485.1441574,198.5128994,376.2639613,208.6285233,433.3437347,209.9908929,317.0854682,188.8854354
332,544.5880971,200.8305101,480.9248967,210.9570122,495.2041671,198.5192733,376.6911058,208.5016675,434.6033406,210.2884841,319.4058394,188.1049221
333,544.5880971,200.8305101,480.9248967,210.9570122,495.2041671,198.5192733,376.6911058,208.5016675,434.6033406,210.2884841,319.4058394,188.1049221
334,547.2780352,200.191803,480.2537036,211.5369644,505.8974929,198.6538901,379.8279776,206.3933125,434.8051467,210.0611162,321.1966009,188.5702935
335,547.2536216,200.1480236,480.2719173,211.5292835,505.8848705,198.6929719,379.7491876,206.3887358,435.7223705,210.5697246,321.4839048,188.5480874
336,550.0607941,200.0269318,479.6541362,211.8046665,514.6812506,199.7887292,387.5806574,202.7304916,434.2418938,210.1183949,322.8024402,188.9308023
337,550.0607941,200.0269318,479.6541362,211.8046665,514.6812506,199.7887292,387.5806574,202.7304916,434.2418938,210.1183949,322.8024402,188.9308023
338,552.8610315,199.0710611,480.4942708,211.0005145,522.1549654,200.8147311,398.626332,199.607749,434.1652522,210.8576245,325.0391091,188.2158213
339,552.8794069,199.080163,480.4911671,210.9954157,522.1655102,200.8117385,398.6966333,199.5948241,434.1721358,210.8572354,325.033101,188.2135668
340,555.7172561,198.3048255,480.8664842,210.0549688,528.6607995,201.0943332,411.6428519,199.080354,432.3255644,209.9949379,327.3889432,187.4159503
341,555.7172561,198.3048255,480.8664842,210.0549688,528.6607995,201.0943332,411.6428519,199.080354,432.3255644,209.9949379,327.3889432,187.4159503
342,558.4518538,197.5722232,481.0704188,209.8178177,536.2125225,202.1005192,422.0187261,200.0532298,432.2173862,209.1953959,330.215242,187.6472011
343,558.4801826,197.5800647,481.0693898,209.8157682,536.2419348,202.1100678,422.0157237,200.0500612,432.2259164,209.1971335,330.2302065,187.6451426
344,561.3028531,197.3600838,479.9361129,209.1929736,540.4455989,203.3346791,442.4231075,201.1271286,434.0787339,209.0535574,332.4783952,188.2151003
345,561.3028531,197.3600838,479.9361129,209.1929736,540.4455989,203.3346791,442.4231075,201.1271286,434.0787339,209.0535574,332.4783952,188.2151003
346,564.2254948,196.630661,479.4784091,208.9862838,541.5085624,206.6986203,446.6536636,202.2449203,435.3538237,209.6926694,336.0096927,188.8364335
347,564.210389,196.6350269,479.4621606,208.9393702,541.4743124,206.6538467,446.7939258,202.1916842,435.350502,209.6667705,335.992172,188.8146213
348,566.7446189,196.0935783,479.0640349,210.5249996,543.2816477,209.5509906,454.2765048,204.2347202,435.6296154,210.34234,338.4465054,189.6141396
349,566.737268,196.0744667,478.9774966,210.567884,543.3202944,209.6666179,454.2635562,204.2047119,435.9326606,210.2544708,338.4195799,189.5688915
350,568.6886339,196.2577868,480.0772567,210.1874061,542.2142277,209.4977107,461.420825,203.5242596,435.2497092,210.6229091,342.356621,189.98387
351,568.6950927,196.2651339,480.0693116,210.2037702,542.2233181,209.4877028,461.4149485,203.5195665,435.2519902,210.6250591,342.4624221,189.9190805
352,571.2676616,195.8694015,478.7151203,210.3968821,542.8524249,209.8293366,469.60402,205.812953,434.4338355,210.614058,346.2819891,191.3301644
353,571.2676616,195.8694015,478.7151203,210.3968821,542.8524249,209.8293366,469.60402,205.812953,434.4338355,210.614058,346.2819891,191.3301644
354,573.61796,196.1438932,480.0484009,209.2563233,542.7939086,209.9592524,473.3231335,207.4753985,433.7964625,210.5660715,349.6459517,192.6994672
355,573.6073235,196.1732159,480.0511255,209.2561073,542.7982488,209.9613461,473.3299832,207.4740114,433.7970738,210.5653501,349.6397151,192.7060008
356,576.0783644,196.2000532,483.4045889,209.0186257,541.5309902,209.4068141,473.9191647,208.3419671,433.3099937,210.7653365,353.6801937,195.2606635
357,576.0772045,196.2017202,483.4033679,209.0183082,541.5344828,209.406249,473.9162917,208.3400445,433.3132362,210.7632666,353.7020233,195.2607603
358,579.2592719,196.7473612,489.2183735,206.6941457,541.5001901,209.4880424,475.7820544,209.7874265,433.0473042,211.0247869,356.6057803,197.6190853
359,579.2592825,196.7479095,489.2174072,206.693887,541.5001998,209.48805,475.7847953,209.787478,433.0493984,211.0244226,356.6069629,197.6183326
360,582.1420388,196.8214922,493.8822415,205.1765294,542.0863051,208.7985191,475.8100705,210.1933842,433.1380424,210.8712277,360.2290344,199.9762564
361,582.1420388,196.8214922,493.8822415,205.1765294,542.0863051,208.7985191,475.8100705,210.1933842,433.1380424,210.8712277,360.2290344,199.9762564
362,584.8999305,197.7329952,500.4352106,203.4577637,541.5275414,208.4111962,475.3065801,210.72475,432.961709,209.7485104,363.3688103,201.0015855
363,584.8999305,197.7329952,500.4352106,203.4577637,541.5275414,208.4111962,475.3065801,210.72475,432.961709,209.7485104,363.3688103,201.0015855
364,587.8523345,198.4257112,512.2261133,203.133914,541.2666701,209.0934234,475.0623617,209.7882872,433.1241026,209.8235326,366.1479793,201.6231451
365,587.8523345,198.4257112,512.2261133,203.133914,541.2666701,209.0934234,475.0623617,209.7882872,433.1241026,209.8235326,366.1479793,201.6231451
366,590.7954102,198.6990955,521.5807743,204.8407676,540.2421025,209.7011008,475.5041647,209.9836059,433.6605983,209.0810986,368.5579238,201.3988643
367,590.841764,198.6842425,522.0315971,204.8612818,540.1323597,209.5973945,475.4218473,210.0306764,433.6951208,209.0136681,368.4368773,201.5684571
368,593.3606801,198.9543459,530.0711527,205.7991519,541.0750105,209.2724714,476.5509672,210.2482576,433.7731271,208.1778526,371.7189936,200.5385814
369,593.3606801,198.9543459,530.0711527,205.7991519,541.0750105,209.2724714,476.5509672,210.2482576,433.7731271,208.1778526,371.7189936,200.5385814
370,596.7967176,198.8644962,542.4887137,206.8523307,542.2486644,209.3437431,476.4315718,210.3725948,434.1788025,206.0007164,374.5033984,199.9286449
371,596.7397966,198.8934205,542.4158392,206.9473097,542.2211542,209.3761711,476.5272617,210.4220171,434.2336168,206.0715568,374.4918292,199.9777529
372,599.0874352,199.0132184,545.4603794,206.7642779,543.1303499,206.3573663,475.9436389,209.995059,438.6991043,202.6342173,377.3698802,199.370441
373,599.0874352,199.0132184,545.4603794,206.7642779,543.1303499,206.3573663,475.9436389,209.995059,438.6991043,202.6342173,377.3698802,199.370441
374,601.9437184,199.4527993,554.219296,203.7082286,545.8944581,206.5661817,475.9912054,209.6323905,445.3570851,200.2183704,379.8458619,198.0727568
375,601.9232955,199.4531109,554.0809875,203.7694817,546.1531485,206.4342568,475.7387216,209.5803938,445.3146534,200.249248,379.8063431,198.0593007
376,604.7173815,200.3806286,565.8680966,201.3165808,540.5565336,210.6300268,476.3822728,208.8853388,452.0922604,197.6715646,382.4476547,197.2030303
377,604.7173815,200.3806286,565.8680966,201.3165808,540.5565336,210.6300268,476.3822728,208.8853388,452.0922604,197.6715646,382.4476547,197.2030303
378,607.3263726,200.188755,573.7545918,201.5026507,542.3784328,212.0733604,477.2405158,210.3138852,464.1352048,195.9813758,385.1278684,196.4160652
379,607.3059025,200.1935992,573.7688575,201.5007343,542.3916903,212.0659199,477.2590853,210.310092,464.0803962,195.947266,385.039731,196.4935484
380,610.3495703,200.4066362,576.5362163,203.263741,542.1245449,211.2867336,474.3859572,209.14359,481.0002098,201.210669,387.7144082,196.6145601
381,709.7573279,199.5530434,669.5142943,200.0159307,644.5557188,212.7440796,579.0615215,209.8753657,568.590076,195.7357464,484.593597,191.2677453
382,712.2503881,199.3503807,673.9402862,200.7503543,645.5365055,212.1122687,577.3201094,210.9547882,581.7873645,199.0772092,487.9535327,190.0432215
383,712.2190499,199.2714331,673.9683926,200.7353935,645.5758784,212.0435649,577.5129285,210.8287287,581.7230145,198.9891171,487.9551454,190.0375316
384,715.7773829,199.0780439,678.5538199,205.3521175,645.3415936,212.6883402,577.7052803,208.9508815,589.26359,195.8004681,491.4616632,189.0009098
385,715.7773829,199.0780439,678.5538199,205.3521175,645.3415936,212.6883402,577.7052803,208.9508815,589.26359,195.8004681,491.4616632,189.0009098
386,718.9155998,198.6154056,676.9689382,208.1338787,645.0266197,212.8164587,577.3580823,209.6184444,596.7096395,197.0568476,493.75888,188.6066103
387,718.9414406,198.581286,677.0249859,208.1728911,645.0626584,212.7964478,577.3300571,209.6018782,596.7053367,197.0784035,493.7625129,188.6237173
388,722.1060634,198.9873018,677.7529019,208.4515858,645.5033101,212.701478,576.8117623,209.9999595,607.4000955,198.9568789,497.5832925,187.7949376
389,722.1060634,198.9873018,677.7529019,208.4515858,645.5033101,212.701478,576.8117623,209.9999595,607.4000955,198.9568789,497.5832925,187.7949376
390,725.4193734,198.9366333,677.4765857,208.4026341,642.8612257,212.8318644,576.1605792,209.4342461,620.0706911,200.1391931,500.5199178,186.7205558
391,725.4296154,198.9277515,677.437001,208.3642383,642.8449361,212.9287186,576.1603556,209.4328437,620.1636705,200.1870317,500.5234452,186.7283773
392,728.3505321,199.3024614,677.7154731,208.8723516,643.3981024,213.9663839,576.5409207,209.1614127,628.8722818,202.8459697,503.4807777,185.6803808
393,728.3505321,199.3024614,677.7154731,208.8723516,643.3981024,213.9663839,576.5409207,209.1614127,628.8722818,202.8459697,503.4807777,185.6803808
394,731.2543783,199.7645183,677.0879933,209.1214128,645.1324466,213.1246852,577.0438223,209.0331964,637.4297361,203.7388177,506.3632545,184.812541
395,731.2856359,199.7637358,677.1139593,209.1157112,645.1300896,213.1139007,577.0402894,209.0409307,637.4000264,203.7227087,506.3622651,184.8196073
396,733.5881408,199.7322345,676.5995143,209.9188194,650.2234221,210.8689289,577.0433178,208.8689809,641.8815703,205.1422167,509.3313152,184.2412934
397,733.5881408,199.7322345,676.5995143,209.9188194,650.2234221,210.8689289,577.0433178,208.8689809,641.8815703,205.1422167,509.3313152,184.2412934
398,736.1507506,199.7793429,676.3274329,209.6239896,654.9997153,207.4577246,576.4258261,208.1632462,644.722297,206.7438395,512.1274843,183.3799596
399,736.1518445,199.776386,676.3328932,209.6245399,655.0050287,207.4559026,576.4280844,208.1624842,644.7241403,206.7418458,512.1247764,183.3835344
400,738.5274796,200.1339259,674.2106286,209.2998056,664.8777823,203.8950434,576.173481,208.2791719,644.3438573,209.4491453,516.0196932,183.1805134
401,738.5306535,200.1335611,674.2146529,209.2941952,664.8780551,203.8987064,576.1744385,208.2824354,644.352891,209.4412246,516.0137348,183.1704776
402,741.1979389,200.0970559,674.904362,208.7513838,674.4218111,199.8853774,576.4710891,208.4427881,644.4361398,209.1174769,519.1651783,182.5379915
403,741.1979504,200.0970602,674.9043603,208.7513819,674.4218092,199.8853772,576.4710894,208.4427891,644.4361411,209.1174817,519.1651778,182.537991
404,743.0603423,200.1562076,676.0802498,208.5066915,684.9708586,197.6358422,577.5523524,208.7438371,644.9000507,209.961616,522.4877801,181.7899108
405,743.0603423,200.1562076,676.0802498,208.5066915,684.9708586,197.6358422,577.5523524,208.7438371,644.9000507,209.961616,522.4877801,181.7899108
406,745.7595811,200.8261161,678.2259541,208.5638542,698.1999831,197.8767794,578.7582562,209.1797452,647.1199694,210.2317896,524.9073505,181.1680769
407,745.7595811,200.8261161,678.2259541,208.5638542,698.1999831,197.8767794,578.7582562,209.1797452,647.1199694,210.2317896,524.9073505,181.1680769
408,748.8763914,199.9588611,676.2345109,209.2386575,712.6476517,197.9319282,580.2906057,207.6045401,648.1383338,210.5996838,528.0846562,180.1637259
409,748.8763914,199.9588611,676.2345109,209.2386575,712.6476517,197.9319282,580.2906057,207.6045401,648.1383338,210.5996838,528.0846562,180.1637259
410,750.79302,198.2209215,676.9681176,209.491364,723.0535455,199.4022887,583.9116709,205.920509,648.8075619,210.6612449,530.4539682,179.7889919
411,750.7287126,198.2302933,676.6795558,209.3924756,722.7979009,199.3886335,583.8180919,205.8942136,648.7074871,210.6240759,530.5763574,179.7602062
412,753.6998415,197.7392495,675.2508909,209.0848231,730.4469805,200.0594301,592.834589,201.1576982,648.0591388,210.2195544,532.8468149,179.3853397
413,753.6998415,197.7392495,675.2508909,209.0848231,730.4469805,200.0594301,592.834589,201.1576982,648.0591388,210.2195544,532.8468149,179.3853397
414,757.3340477,197.2956457,675.7257562,208.9477515,736.8376474,200.6882071,603.3417134,199.67817,647.4837725,209.8535266,534.8482518,179.7140075
415,757.3252029,197.2096701,675.594499,208.5319362,736.9709015,200.7288165,603.0801225,199.7209878,647.6209702,209.8493733,534.9867837,179.9207641
416,759.7081532,197.1334087,675.1402113,208.4962001,742.8690977,200.776967,613.9915498,198.3617816,646.6720748,209.3155193,537.4641161,179.1866975
417,759.7081532,197.1334087,675.1402113,208.4962001,742.8690977,200.776967,613.9915498,198.3617816,646.6720748,209.3155193,537.4641161,179.1866975
418,761.3979754,196.8265337,675.2943388,208.2290282,747.2470082,201.3867917,627.533672,200.2431407,641.628727,207.764008,539.4924903,178.5060107
419,761.4088678,196.8361661,675.2345227,208.2555084,747.2638745,201.3886333,627.5118867,200.2170663,641.6289225,207.7929182,539.4839349,178.5288332
420,764.1802312,194.871737,675.6887919,207.8845339,748.8783128,202.9945264,644.1570041,201.84835,644.5523012,208.4441271,542.0788906,178.3626833
421,764.1802312,194.871737,675.6887919,207.8845339,748.8783128,202.9945264,644.1570041,201.84835,644.5523012,208.4441271,542.0788906,178.3626833
422,766.0653059,194.7331901,676.9269902,207.961251,749.5258453,204.8052588,658.3616242,204.9109258,645.2000121,208.6722441,544.4737499,178.436357
423,766.0800858,194.735055,676.8952234,207.9287281,749.5309387,204.8101568,658.3254848,204.8608288,645.20802,208.6774325,544.491436,178.4738827
424,767.9994259,194.8170843,678.1766896,208.2057528,749.6077391,207.878875,661.3964841,203.7456885,649.581285,211.0101109,547.6279847,179.1135416
425,767.9994259,194.8170843,678.1766896,208.2057528,749.6077391,207.878875,661.3964841,203.7456885,649.581285,211.0101109,547.6279847,179.1135416
426,770.8808148,195.2918887,679.5626662,208.4793205,749.8312982,208.3127475,663.4953125,204.4732981,650.247963,210.1295348,549.8663274,179.599153
427,770.8860126,195.2916656,679.5625741,208.4790783,749.8315039,208.3130507,663.4950905,204.4743719,650.2465382,210.1278304,549.8700206,179.6039824
428,773.7180927,195.7785015,681.22457,207.1578057,749.3372251,208.0752487,669.5398183,204.442729,649.6447682,211.026475,552.4838643,180.8675187
429,773.7180927,195.7785015,681.22457,207.1578057,749.3372251,208.0752487,669.5398183,204.442729,649.6447682,211.026475,552.4838643,180.8675187
430,776.3616219,196.3382921,686.9750466,205.7502916,748.668911,207.4123054,674.2133673,205.0839748,649.0312767,210.0550728,555.0498748,182.0710294
431,776.3663325,196.3375978,686.9665232,205.7484094,748.6742417,207.4112933,674.2097048,205.0804777,649.0276337,210.0491705,555.0750432,182.0605707
432,778.860379,196.5571375,695.1377656,205.4086132,748.1830248,207.5445793,676.7788353,206.2244668,648.8754616,210.4077401,557.1173811,183.1214418
433,778.860379,196.5571375,695.1377656,205.4086132,748.1830248,207.5445793,676.7788353,206.2244668,648.8754616,210.4077401,557.117382,183.1214421
434,781.9326761,197.6114146,701.7572715,203.8820767,747.8020889,207.6787748,677.580636,206.5402937,648.6639457,209.6021352,559.3384175,183.2024746
435,781.9453442,197.6218462,701.7318549,203.8560748,747.7842482,207.6637316,677.5752506,206.5054865,648.6844578,209.6059008,559.3404272,183.1986854
436,784.6823406,197.0032606,707.7162135,203.4065099,747.4971355,208.307663,676.6035165,208.2352691,648.9856281,209.9278836,560.9180551,183.7116373
437,784.6823406,197.0032606,707.7162135,203.4065099,747.4971355,208.307663,676.6035165,208.2352691,648.9856281,209.9278836,560.9180551,183.7116373
438,787.6864045,197.2108784,717.339355,204.1025667,747.8225998,208.4561062,676.2117063,208.267777,648.6742253,209.8561826,562.072125,184.3592577
439,787.686331,197.1978102,717.3705852,204.0815077,747.8427069,208.467032,676.239523,208.2582006,648.6784873,209.8479218,562.0966134,184.3585458
440,790.828721,197.5717201,721.7329175,205.4941988,747.9172544,208.7326412,676.9679415,208.3642097,648.3643398,209.9059196,564.7462383,184.4243312
441,790.828721,197.5717201,721.7329175,205.4941988,747.9172544,208.7326412,676.9679415,208.3642097,648.3643398,209.9059196,564.7462383,184.4243312
442,793.8684344,198.1084523,724.7937371,204.6859927,746.4093133,209.2256107,677.8778652,208.6369853,648.8662186,210.0060673,566.91606,184.448627
443,793.8426394,198.0824442,724.8339806,204.6754655,746.4514217,209.2007222,677.8901067,208.6505313,648.8376136,209.9945369,567.0048337,184.4510636
444,796.6890421,198.6369891,734.208086,205.2591537,747.2378076,207.558773,677.9971356,208.7993855,649.5156302,209.4997149,569.5646987,184.6387749
445,796.6890421,198.6369891,734.208086,205.2591537,747.2378076,207.558773,677.9971356,208.7993855,649.5156302,209.4997149,569.5646987,184.6387749
446,799.0407627,199.1792724,743.433435,205.6571877,748.902531,208.7545748,678.4424903,209.1811638,649.6639552,208.6371584,572.5355927,185.0453534
447,799.03334,199.167537,743.4815438,205.6470414,748.9174944,208.7382271,678.444026,209.1820722,649.663743,208.6143761,572.5247386,185.0730872
448,802.4341826,200.4174695,750.097578,203.4791932,747.9742758,210.1059241,678.941257,209.0207195,649.744626,205.5656228,575.1732285,185.335371
449,802.4341826,200.4174695,750.097578,203.4791932,747.9742758,210.1059241,678.941257,209.0207195,649.744626,205.5656228,575.1732285,185.335371
450,804.9197725,201.0040636,751.312355,205.4819952,746.9797158,209.5077896,682.0873742,207.8286567,656.2336397,200.099546,577.777391,185.0796566
451,805.0498047,201.0323977,751.2984385,205.4666396,746.9733422,209.5057108,682.0791775,207.8267012,656.2461004,200.0973678,577.764411,185.1205549
452,808.0291748,202.4661493,754.9719372,204.1081384,751.6079867,210.9340798,679.2727871,208.8182023,665.8212357,198.830502,581.1462317,184.8259454
453,808.0291748,202.4661493,754.9719372,204.1081384,751.6079867,210.9340798,679.2727871,208.8182023,665.8212357,198.830502,581.1462317,184.8259454
454,809.727571,203.0962744,756.3703646,204.5950556,751.9376607,211.0162641,682.3662623,206.8568602,677.2879143,203.8183055,584.1685681,184.912425
455,809.7497258,203.1341481,756.4599974,204.5760696,751.9322321,211.0909762,682.5180229,206.8524766,676.9159895,203.6679721,584.1805444,184.8958941
456,813.6598291,202.4960279,773.0332941,204.1950518,748.9733436,212.1197475,676.0058075,208.3636301,679.429127,206.1803036,588.1037633,184.7003093